[
  {
    "band_name": "",
    "genre": [""],
    "location": "",
    "years_active": "",
    "description": "",
    "view_count": 0,
    "related_bands": [],
"official_links": {
  "bandcamp": "",
  "spotify": ""
},
    "members": [
        {
          "name": "",
          "instrument": "",
          "time_active": "",
          "status": ""
        }
      ],
    "releases": [
      {
        "title": "",
        "cover_image": "",
        "label": "",
        "year": "",
        "release_type": "",
        "physical_format": "",
        "limitation": "",
        "extra_info": "",
        "tracks": [""]
      }
    ],
    "extra_images": [
      "https://www.metal-archives.com/images/6/7/3/2/67329_logo.jpg",
      "https://www.metal-archives.com/images/6/7/3/2/67329_photo.jpg?2408",
      "https://www.spirit-of-metal.com/les%20goupes/I/Insect%20Warfare/pics/0dee_3.jpg"
    ]
  },

{
    "band_name": "Black Flag",
    "genre": ["Hardcore Punk", "Jazz-Rock"],
    "location": "Hermosa Beach, California (CA), USA",
    "years_active": "1976-1986, 2003, 2013-Present",
    "description": "",
    "view_count": 0,
    "related_bands": ["Rollins Band", "Minuteflag", "Gone"],
"official_links": {
  "website": "https://www.blackflagband.com/",
  "spotify": "https://open.spotify.com/artist/5Mhs3Eu8lU6sRCtRYsmABV"
},
    "members": [
        {
          "name": "Greg Ginn",
          "instrument": "Guitar",
          "time_active": "1976-1986, 2003, 2013-Present",
          "status": "Current"
        },
        {
          "name": "Mike Vallely",
          "instrument": "Vocals",
          "time_active": "2003, 2013-Present",
          "status": "Current"
        },
        {
          "name": "Charles Wiley",
          "instrument": "Drums",
          "time_active": "2022-Present",
          "status": "Current"
        },
        {
          "name": "Matt Baxter",
          "instrument": "Bass",
          "time_active": "2024-Present",
          "status": "Current"
        },
		        {
          "name": "‎ ",
          "instrument": "‎ ",
          "time_active": "‎ ",
          "status": "‎ "
        },
				        {
          "name": "Raymond Pettibon",
          "instrument": "Bass",
          "time_active": "1976",
          "status": "Former"
        },
        {
          "name": "Keith Morris",
          "instrument": "Vocals",
          "time_active": "1976-1979",
          "status": "Former"
        },
		        {
          "name": "Chuck Dukowksi",
          "instrument": "Bass",
          "time_active": "1977-1983",
          "status": "Former"
        },
		        {
          "name": "Bryan Migdol",
          "instrument": "Drums",
          "time_active": "1977-1978",
          "status": "Former"
        },
				        {
          "name": "Glenn 'Spot' Lockett",
          "instrument": "Bass",
          "time_active": "1977",
          "status": "Former"
        },
				        {
          "name": "Ron Reyes",
          "instrument": "Vocals",
          "time_active": "1979-1980, 2013",
          "status": "Former"
        },
				        {
          "name": "Dez Cadena",
          "instrument": "Vocals, Guitar",
          "time_active": "1980-1983",
          "status": "Former"
        },
				        {
          "name": "Henry Rollins",
          "instrument": "Vocals",
          "time_active": "1981-1986",
          "status": "Former"
        },
				        {
          "name": "Bill Stevenson",
          "instrument": "Drums",
          "time_active": "1983-1985",
          "status": "Former"
        },
				        {
          "name": "Kira Roessler",
          "instrument": "Bass",
          "time_active": "1983-1985",
          "status": "Former"
        }
      ],
    "releases": [
      {
        "title": "Nervous Breakdown",
        "cover_image": "https://images.genius.com/88db639c469a578b786cacef80688c75.300x300x1.jpg",
        "label": "SST Records",
        "year": "1979",
        "release_type": "EP",
        "physical_format": "Vinyl 7-inch 45 RPM",
        "limitation": "",
        "extra_info": "",
        "tracks": ["Nervous Breakdown", "Fix Me", "I've Had It", "Wasted"]
      },
      {
        "title": "Jealous Again",
        "cover_image": "https://i.scdn.co/image/ab67616d00001e023ee961150f0b4a23f7c52a69",
        "label": "SST Records",
        "year": "1980",
        "release_type": "EP",
        "physical_format": "Vinyl 7-inch 45 RPM",
        "limitation": "",
        "extra_info": "",
        "tracks": ["Jealous Again", "Revenge", "White Minority", "No Values", "You Bet We've Got Something Personal Against You!"]
      },
      {
        "title": "Six Pack",
        "cover_image": "https://upload.wikimedia.org/wikipedia/en/3/3d/Black_Flag_-_Six_Pack_cover.jpg",
        "label": "SST Records",
        "year": "1981",
        "release_type": "EP",
        "physical_format": "Vinyl 7-inch 45 RPM",
        "limitation": "",
        "extra_info": "",
        "tracks": ["Six Pack", "I've Heard It Before", "American Waste"]
      },
      {
        "title": "Louie Louie",
        "cover_image": "https://m.media-amazon.com/images/I/51rMxswOIFL._UF1000,1000_QL80_.jpg",
        "label": "SST Records",
        "year": "1981",
        "release_type": "Single",
        "physical_format": "Vinyl 7-inch 45 RPM",
        "limitation": "",
        "extra_info": "",
        "tracks": ["Louie Louie", "Damaged I"]
      },
      {
        "title": "Damaged",
        "cover_image": "https://m.media-amazon.com/images/I/71x4r3NEKdL._UF1000,1000_QL80_.jpg",
        "label": "SST Records",
        "year": "1981",
        "release_type": "Full-length",
        "physical_format": "Vinyl 12-inch 33 RPM",
        "limitation": "",
        "extra_info": "",
        "tracks": ["Rise Above", "Spray Paint", "Six Pack", "What I See", "TV Party", "Thirsty And Miserable", "Police Story", "Gimmie Gimmie Gimmie", "Depression", "Room 13", "Damaged II", "No More", "Padded Cell", "Life of Pain", "Damaged I"]
      },
      {
        "title": "TV Party",
        "cover_image": "https://upload.wikimedia.org/wikipedia/en/d/df/Black_Flag_-_TV_Party_cover.jpg",
        "label": "SST Records",
        "year": "1982",
        "release_type": "Single",
        "physical_format": "Vinyl 7-inch 45 RPM",
        "limitation": "",
        "extra_info": "",
        "tracks": ["TV Party", "I've Got to Run", "My Rules"]
      },
      {
        "title": "Slip It In",
        "cover_image": "https://upload.wikimedia.org/wikipedia/en/5/5b/Black_Flag_-_Slip_It_In_cover.jpg",
        "label": "SST Records",
        "year": "1984",
        "release_type": "Full-length",
        "physical_format": "Vinyl 12-inch 33 RPM",
        "limitation": "",
        "extra_info": "",
        "tracks": ["Slip It In", "Black Coffee", "Wound Up", "Rat's Eyes", "Obliteration", "The Bars", "My Ghetto", "You're Not Evil"]
      },
      {
        "title": "My War",
        "cover_image": "https://upload.wikimedia.org/wikipedia/en/b/b8/Black_Flag_-_My_War_cover.jpg",
        "label": "SST Records",
        "year": "1984",
        "release_type": "Full-length",
        "physical_format": "Vinyl 12-inch 33 RPM",
        "limitation": "",
        "extra_info": "",
        "tracks": ["My War", "Can't Decide", "Beat My Head Against The Wall", "I Love You", "Forever Time", "The Swinging Man", "Nothing Left Inside", "Three Nights", "Scream"]
      },
      {
        "title": "Family Man",
        "cover_image": "https://upload.wikimedia.org/wikipedia/en/8/82/Black_Flag_-_Family_Man_cover.jpg",
        "label": "SST Records",
        "year": "1984",
        "release_type": "Full-length",
        "physical_format": "Vinyl 12-inch 33 RPM",
        "limitation": "",
        "extra_info": "",
        "tracks": ["Family Man", "Salt On A Slug", "Hollywood Diary", "Let Your Fingers Do The Walking", "Shed Reading (Rattus Norvegicus)", "No Deposit - No Return", "Armageddon Man", "Long Lost Dog Of It", "I Won't Stick Any Of You Unless And Until I Can Stick All Of You!", "Account For What?", "The Pups Are Doggin' It"]
      },
      {
        "title": "The Process Of Weeding Out",
        "cover_image": "https://i.discogs.com/0NPSB9cJeJgBaT7SDHvkH_f2izEx6n2rrxYN8Mvzeus/rs:fit/g:sm/q:90/h:500/w:500/czM6Ly9kaXNjb2dz/LWRhdGFiYXNlLWlt/YWdlcy9SLTE1MjMy/MDEtMTM1NjQ0OTg0/OC01NTAxLmpwZWc.jpeg",
        "label": "SST Records",
        "year": "1985",
        "release_type": "EP",
        "physical_format": "Vinyl 12-inch 33 RPM",
        "limitation": "",
        "extra_info": "",
        "tracks": ["Your Last Affront", "Screw The Law", "The Process Of Weeding Out", "Southern Rise"]
      },
      {
        "title": "Loose Nut",
        "cover_image": "https://i.discogs.com/ajgjmUUXJjySXn6_KmHaOOCsMBeunNrqZv4CzG7BxuM/rs:fit/g:sm/q:90/h:600/w:600/czM6Ly9kaXNjb2dz/LWRhdGFiYXNlLWlt/YWdlcy9SLTg3MDUw/OC0xMzM5OTc0NDUy/LTI2NzAuanBlZw.jpeg",
        "label": "SST Records",
        "year": "1985",
        "release_type": "Full-length",
        "physical_format": "Vinyl 12-inch 33 RPM",
        "limitation": "",
        "extra_info": "",
        "tracks": ["Loose Nut", "Bastard In Love", "Annihilate This Week", "Best One Yet", "Modern Man", "This Is Good", "I'm The One", "Sinking", "Now She's Black"]
      },
      {
        "title": "In My Head",
        "cover_image": "https://i.discogs.com/11W_-3D9iYAuQMi009eoyaMyb98tsjWKdtZ4DvNWq70/rs:fit/g:sm/q:90/h:598/w:600/czM6Ly9kaXNjb2dz/LWRhdGFiYXNlLWlt/YWdlcy9SLTQxNzk3/OC0xMzM5OTc0MTU4/LTQ3NDcuanBlZw.jpeg",
        "label": "SST Records",
        "year": "1985",
        "release_type": "Full-length",
        "physical_format": "Vinyl 12-inch 33 RPM",
        "limitation": "",
        "extra_info": "",
        "tracks": ["Paralyzed", "The Crazy Girl", "Black Love", "White Hot", "In My Head", "Drinking And Driving", "Retired At 21", "Society's Tease", "It's All Up To You"]
      },
      {
        "title": "What The...",
        "cover_image": "https://i.discogs.com/h57dLdzljZa6z1VcK4ZtHOsZ_4W38wCZJokTWcvUsoU/rs:fit/g:sm/q:90/h:592/w:600/czM6Ly9kaXNjb2dz/LWRhdGFiYXNlLWlt/YWdlcy9SLTUxNjYz/OTQtMTYwODU3NTQ0/Ni03MjIyLmpwZWc.jpeg",
        "label": "SST Records",
        "year": "2013",
        "release_type": "Full-length",
        "physical_format": "Vinyl 12-inch 33 RPM",
        "limitation": "",
        "extra_info": "",
        "tracks": ["My Heart's Pumping", "Down In The Dirt", "Blood And Ashes", "Now Is The Time", "Wallow In Despair", "Slow Your Ass Down", "It's So Absurd", "Shut Up", "This Is Hell", "Go Away", "The Bitter End", "The Chase", "I'm Sick", "It's Not My Time To Go-Go", "Lies", "Get Out Of My Way", "Outside", "No Teeth", "To Hell And Back", "Give Me All Your Dough", "You Gotta Be Joking", "Off My Shoulders"]
      }
    ],
    "extra_images": [
      ""
    ]
  }
]
